{
    "mean": [
        0.4964817532182054,
        0.5722164384778914,
        -0.03235495385303424,
        0.9979484837743149,
        0.4921777541923418,
        0.4956164392198702,
        -0.01883804678684944,
        0.9964655209057437,
        0.5061588120511321,
        0.5038898905600383,
        -0.004139291823398501,
        0.9978623662513703,
        0.4909775507118793,
        0.6791192681993558,
        -0.006408880843170396,
        0.6678863686749851,
        0.5091512793494742,
        0.6841549213833934,
        0.01162617555124208,
        0.6509719926991326,
        0.4858999133592383,
        0.6931782661483701,
        0.0243258764854887,
        0.67075277010757,
        0.5122237575488662,
        0.6957310225147041,
        0.04741895410842341,
        0.6387469056634899,
        0.5036836301418728,
        0.48058345217375004,
        -0.003019966076807928,
        0.9977259195559356,
        0.5011666601029381,
        0.4843241045658143,
        0.003045697428560174,
        0.9980016546179754,
        0.5158352362908845,
        0.5656564994546447,
        0.03825774897408517,
        0.6087531836299498,
        0.5008930267808872,
        0.5642866561448878,
        0.038295313914531184,
        0.6548150081622318,
        0.5267951600670063,
        0.6089856351839606,
        0.09404627341188905,
        0.6763063534785545,
        0.4983960360607358,
        0.6090548001228462,
        0.0923030175699983,
        0.7277788687383496,
        0.5279644803998539,
        0.5933407049592143,
        0.0967023979633727,
        0.7291928080814762,
        0.4991163767925927,
        0.5934273515730765,
        0.09436842385427734,
        0.7788916071491313,
        0.5251529302280271,
        0.7164266992020532,
        0.03507293505164526,
        0.7425177746439668,
        0.4981375669246621,
        0.7174067298258908,
        0.02790184866376111,
        0.7810263759588515
    ],
    "scale": [
        0.27758677761080475,
        0.11079883335848785,
        0.10246423039085567,
        0.01027639321436965,
        0.21950933908953937,
        0.11953475458855413,
        0.18260785156012385,
        0.00664040310601493,
        0.21700990983340132,
        0.11781282449513963,
        0.1943552211123417,
        0.0020610120339170208,
        0.223828873081122,
        0.10314260892110053,
        0.22208440620053,
        0.3329606976573207,
        0.22192929262467795,
        0.09955451984611895,
        0.24292604730631986,
        0.3302440356536881,
        0.3123200355895511,
        0.0926767804839367,
        0.1858016167348365,
        0.3150583161519699,
        0.30903448741667694,
        0.08917845610540452,
        0.2045120438514013,
        0.31124573790551546,
        0.06817867084751272,
        0.17926111329112465,
        0.10976905367143695,
        0.0028120422077587905,
        0.06726469578803222,
        0.1765863812693595,
        0.10968843965355625,
        0.0014747896976775204,
        0.1704412464824082,
        0.13548228875648363,
        0.13294253591810798,
        0.3307280458714611,
        0.17155395348455899,
        0.13366467284029648,
        0.11820047915116375,
        0.29516327867285597,
        0.3160309512666327,
        0.10904161557752953,
        0.19109079435049772,
        0.28024436239140227,
        0.3166262006060399,
        0.10776738964608312,
        0.16974605879565888,
        0.24376862731830923,
        0.3442804085431792,
        0.11252281774264149,
        0.19798571356707095,
        0.2390611247402051,
        0.3451555596767088,
        0.11216181788242391,
        0.17693465604727623,
        0.18385116091172726,
        0.3228259933312306,
        0.09248062554406987,
        0.21480681111286054,
        0.22326034739348247,
        0.32329227713176617,
        0.08927938562492188,
        0.19468999548773178,
        0.18524932684746948
    ]
}